Page,Title,Price,Location,Address,Description,Bedrooms,Bathrooms,Parking,Floor_Size_m2,URL,Region
1,4 Bedroom House,23975000,Bilene Central,"Rua De Marginal, Bilene Central, Bilene",A rare opportunity to own a fully serviced beachfront villa in the prestigious San Martinho,4.0,1.0,4.0,180 m²,https://www.property24.co.mz/4-bedroom-house-for-sale-in-bilene-central-117037213,South
1,4 Bedroom House,8000000,Bilene Central,"P8R2+52 Praia Do Bilene, Bilene Central, Bilene","Are you searching for your dream property for sale in Bilene, Mozambique?_x000D_
_x000D_
Look no",4.0,3.0,4.0,225 m²,https://www.property24.co.mz/4-bedroom-house-for-sale-in-bilene-central-115590920,South
1,3 Bedroom House,5950000,Bilene Central,"P8X6+WR Praia Do Bilene, Bilene Central, Bilene","Move 2 Moz is incredibly proud to market this amazing Property for Sale Bilene, southern",3.0,3.0,1.0,145 m²,https://www.property24.co.mz/3-bedroom-house-for-sale-in-bilene-central-114543680,South
1,4 Bedroom House,26000000,Bilene Central,"123 Beach road, Bilene Central, Bilene",A rare opportunity to own a fully serviced beachfront villa in the prestigious San Martinho,4.0,3.0,4.0,220 m²,https://www.property24.co.mz/4-bedroom-house-for-sale-in-bilene-central-116755982,South
1,5 Bedroom House,7600000,Bilene Central,"Bilene, Bilene Central, Bilene",Discover this unique 5-bedroom beachside home perfectly positioned just 2 minutes’ walk,5.0,2.0,4.0,3 500 m²,https://www.property24.co.mz/5-bedroom-house-for-sale-in-bilene-central-116714250,South
1,2 Bedroom House,9750000,Bilene Central,"Praia de Bilene, Bilene Central, Bilene","Step into 106.6 m² of modern comfort, where design meets functionality and the ocean is",2.0,3.0,4.0,2 000 m²,https://www.property24.co.mz/2-bedroom-house-for-sale-in-bilene-central-116589727,South
2,3 Bedroom House,10000000,Bilene Central,"Bilene, Bilene Central, Bilene","PROPERTY DESCRIPTION
 A truly magnificent master-built open-plan styled house in an",3.0,1.0,4.0,1 200 m²,https://www.property24.co.mz/3-bedroom-house-for-sale-in-bilene-central-115332501,South
2,2 Bedroom House,1850000,Bilene Central,"Nhabanga, Bilene Central, Bilene","Unveiling 2 bedroom house, a surprising local gem in Nhabanga that redefines simplicity",2.0,3.0,4.0,2 400 m²,https://www.property24.co.mz/2-bedroom-house-for-sale-in-bilene-central-113806568,South
2,4 Bedroom House,6750000,Bilene Central,"Praia do Bilene, Bilene Central, Bilene","This beautiful house in the neighborhood of mahungo in bilene, can be your home. surrounded",4.0,3.0,4.0,1 200 m²,https://www.property24.co.mz/4-bedroom-house-for-sale-in-bilene-central-111662767,South
2,3 Bedroom House,11000000,Bilene Central,"bilene, Bilene Central, Bilene",This property consists of 1500 m2 of land and a house with the following,3.0,2.0,4.0,1 500 m²,https://www.property24.co.mz/3-bedroom-house-for-sale-in-bilene-central-111565320,South
2,4 Bedroom House,10000000,Bilene Central,"1 Bilene, Gaza, Mozambique, Bilene Central, Bilene","Set high on the hills of beautiful Bilene, this T4 house offers not just space, but vision.",4.0,2.0,2.0,200 m²,https://www.property24.co.mz/4-bedroom-house-for-sale-in-bilene-central-116124561,South
2,3 Bedroom House,25000000,Bilene Central,"Bilene, Gaza, Mozambique, Bilene Central, Bilene","Welcome to your dream home in Bilene, where coastal charm meets modern luxury. This fully",3.0,3.0,2.0,200 m²,https://www.property24.co.mz/3-bedroom-house-for-sale-in-bilene-central-116123590,South
2,1 Bedroom House,1600000,Bilene Central,"Bilene, Hatlane, Bilene Central, Bilene",Discover the perfect opportunity to invest in a prime piece of real estate with this 2250m²,1.0,1.0,4.0,2 250 m²,https://www.property24.co.mz/1-bedroom-house-for-sale-in-bilene-central-115507183,South
2,4 Bedroom House,10800000,Bilene Central,,"Builder's Dream: Luxury Residence With Lagoon View Awaits Completion

Project Summary:

We",4.0,2.0,4.0,1 500 m²,https://www.property24.co.mz/4-bedroom-house-for-sale-in-bilene-central-115530702,South
2,4 Bedroom House,15000000,Bilene Central,"716 Bairri Nhiuane, Bilene Central, Bilene",This beautiful property has 4 bedrooms fully furnished located in bilene is ideal for,4.0,2.0,4.0,1 200 m²,https://www.property24.co.mz/4-bedroom-house-for-sale-in-bilene-central-112406419,South
3,4 Bedroom House,1150000,Bilene Central,"Bilene, Bilene Central, Bilene","1200 m2 piece of land in Bilene, wich contains:
- An unfinished 1 floor house with 4",4.0,4.0,4.0,1 200 m²,https://www.property24.co.mz/4-bedroom-house-for-sale-in-bilene-central-111246085,South
3,4 Bedroom House,9750000,Bilene Central,"Bilene, Bilene Central, Bilene","This amazing property located in the heart of Bilene, is a dream family home for those much",4.0,3.0,4.0,1 111 m²,https://www.property24.co.mz/4-bedroom-house-for-sale-in-bilene-central-112141322,South
1,3 Bedroom House,6200000,Praia do Tofo,"5GFP+54W Tofo Beach, Praia do Tofo, Inhambane City","Entertainers dream home with large kitchen, modern finishes, spacious garden and much more.",3.0,2.0,1.0,200 m²,https://www.property24.co.mz/3-bedroom-house-for-sale-in-praia-do-tofo-117095814,South
1,2 Bedroom House,6000000,Praia da Barra,"6G48+HC3 Miramar, Praia da Barra, Inhambane City",This is a rare chance to secure two side-by-side beachfront properties in the heart of,2.0,2.0,4.0,120 m²,https://www.property24.co.mz/2-bedroom-house-for-sale-in-praia-da-barra-117102058,
1,2 Bedroom House,4100000,Dongane,"Dongane - Legogo Rd Inhambane, Dongane, Inhambane City","Unique Multi-Property Investment Opportunity — Inhambane, Mozambique_x000D_
_x000D_
This is one of the",2.0,2.0,2.0,200 m²,https://www.property24.co.mz/2-bedroom-house-for-sale-in-dongane-117101666,North
1,5 Bedroom House,12800000,Praia do Tofo,"5G3Q+WRG Tofo Beach, Praia do Tofo, Inhambane City","Beautiful Tofo Property for Sale with Beach Access_x000D_
_x000D_
This newly listed property on Tofo’s",5.0,3.0,4.0,220 m²,https://www.property24.co.mz/5-bedroom-house-for-sale-in-praia-do-tofo-117101543,South
1,3 Bedroom House,10900000,Tofinho,"4GQX+9Q9 Tofo Beach, Tofinho, Inhambane City","Sea View Villa for Sale in Tofo, Mozambique_x000D_
_x000D_
Located in one of Inhambane’s most beautiful",3.0,3.5,4.0,225 m²,https://www.property24.co.mz/3-bedroom-house-for-sale-in-tofinho-117101614,North
1,3 Bedroom House,7600000,Praia da Barra,"5GW8+VFP Miramar, Praia da Barra, Inhambane City","Land size: 1 hectare (10,000 m²)_x000D_
Main features:_x000D_
Views: 360-degree views of Inhambane",3.0,2.0,2.0,500 m²,https://www.property24.co.mz/3-bedroom-house-for-sale-in-praia-da-barra-117095679,
1,3 Bedroom House,11500000,Praia do Tofo,"1 Casa Barry Road, Praia do Tofo, Inhambane City",This stunning 3 bedroom comes fully equipped and ready to move in to. It is located in,3.0,4.0,4.0,600 m²,https://www.property24.co.mz/3-bedroom-house-for-sale-in-praia-do-tofo-116796037,South
1,3 Bedroom House,7660000,Praia da Barra,"Barra Beach Miramar, Praia da Barra, Inhambane City",If you’ve been dreaming of waking up to the sound of the waves and stepping straight onto,3.0,3.0,2.0,220 m²,https://www.property24.co.mz/3-bedroom-house-for-sale-in-praia-da-barra-116476848,
1,1 Bedroom House,2800000,Praia do Tofo,"4HQ2+82H Tofo Beach, Praia do Tofo, Inhambane City","Tucked away in one of Tofo’s most peaceful neighbourhoods, this 50m² open-plan home is a",1.0,1.0,4.0,70 m²,https://www.property24.co.mz/1-bedroom-house-for-sale-in-praia-do-tofo-116144487,South
1,2 Bedroom House,8250000,Praia da Barra,"Inhambane Miramar, Praia da Barra, Inhambane City","Set right on the sands of Praia da Barra, this beautiful double-story home in the",2.0,2.5,2.0,125 m²,https://www.property24.co.mz/2-bedroom-house-for-sale-in-praia-da-barra-116144506,
1,3 Bedroom House,7600000,Praia da Barra,"5GW8+VFP Miramar, Praia da Barra, Inhambane City","Land size: 1 hectare (10,000 m²)_x000D_
Main features:_x000D_
Views: 360-degree views of Inhambane",3.0,2.0,2.0,500 m²,https://www.property24.co.mz/3-bedroom-house-for-sale-in-praia-da-barra-116896677,
1,2 Bedroom House,1210000,Dongane,"P98J+J9 Xuxululo, Dongane, Inhambane City","Welcome to a unique and luxurious holiday home, nestled among lush dune forests and",2.0,1.0,4.0,80 m²,https://www.property24.co.mz/2-bedroom-house-for-sale-in-dongane-113853716,North
1,2 Bedroom House,6900000,Praia dos Cocos,"1 Coconut Bay Rd, Praia dos Cocos, Inhambane City","Private Holiday home for sale in Coconut Bay, Guinjata. 

The main house is a 2 bedroom",2.0,1.0,10.0,0.4 ha,https://www.property24.co.mz/2-bedroom-house-for-sale-in-praia-dos-cocos-115993051,North
1,3 Bedroom House,8000000,Praia do Tofo,"Praia Tofo Inhambane, Praia do Tofo, Inhambane City","Welcome to your dream home in Tofinho, a peaceful suburb of Tofo, Mozambique! This stunning",3.0,2.0,2.0,195 m²,https://www.property24.co.mz/3-bedroom-house-for-sale-in-praia-do-tofo-114969000,South
1,4 Bedroom House,2850000,Dongane,"P99G+C4F Xuxululo, Dongane, Inhambane City",Escape to paradise! This stunning lakeside property offers the ultimate getaway with its,4.0,3.0,1.0,160 m²,https://www.property24.co.mz/4-bedroom-house-for-sale-in-dongane-113853618,North
1,4 Bedroom House,4000000,Dongane,"Dongane - Legogo Rd Jangamo, Dongane, Inhambane City","English Description First, Portuguese Description Below. _x000D_
_x000D_
Spectacular House, Very Well",4.0,3.0,4.0,140 m²,https://www.property24.co.mz/4-bedroom-house-for-sale-in-dongane-113943721,North
2,3 Bedroom House,8500000,Inhambane City Central,"3GGG+V79 Inhambane, Inhambane City Central, Inhambane City",Feast your eyes on this immaculate Beachfront Villa for sale in Mozambique on the exclusive,3.0,3.0,2.0,180 m²,https://www.property24.co.mz/3-bedroom-house-for-sale-in-inhambane-city-central-114543656,Central
2,3 Bedroom House,3000000,Praia do Tofo,"5GCP+7G Tofo Beach, Praia do Tofo, Inhambane City","Spacious Home in Mango Beach Estate, furniture included – 1 Min Walk to Beach &",3.0,1.0,1.0,120 m²,https://www.property24.co.mz/3-bedroom-house-for-sale-in-praia-do-tofo-115969779,South
2,3 Bedroom House,3000000,Praia do Tofo,"5GCP+Q53 Inhambane, Praia do Tofo, Inhambane City","Spacious Home in Mango Beach Estate, furniture included – 2 Min Walk to Beach &",3.0,1.0,1.0,120 m²,https://www.property24.co.mz/3-bedroom-house-for-sale-in-praia-do-tofo-115969776,South
2,4 Bedroom House,2000000,Praia da Barra,"5GW8+72 Miramar, Praia da Barra, Inhambane City","Located just off the main tar road to Barra, this property offers unbeatable accessibility",4.0,2.0,4.0,200 m²,https://www.property24.co.mz/4-bedroom-house-for-sale-in-praia-da-barra-115827125,
2,2 Bedroom House,13000000,Praia do Tofo,"1  Tofinho, Praia do Tofo, Inhambane City","Coastal Cottage with Expansion Potential – Tofinho, Mozambique  
Price: $200,000 USD",2.0,1.0,4.0,9 600 m²,https://www.property24.co.mz/2-bedroom-house-for-sale-in-praia-do-tofo-116566750,South
2,5 Bedroom House,15000000,Praia da Barra,"1 Barra, Praia da Barra, Inhambane City","Situated at Praia da Barra, Sia Sente is a holiday development a mere 20-minute drive from",5.0,2.0,4.0,2 500 m²,https://www.property24.co.mz/5-bedroom-house-for-sale-in-praia-da-barra-114901002,
2,5 Bedroom House,13500000,Praia da Barra,"1 Barra Beach, Praia da Barra, Inhambane City",This 5-bedroom cottage is on the beach at Barra near the Green Turtle at the Sia Sente,5.0,2.0,2.0,500 m²,https://www.property24.co.mz/5-bedroom-house-for-sale-in-praia-da-barra-117009385,
2,5 Bedroom House,13500000,Praia da Barra,"1 Barra Beach, Praia da Barra, Inhambane City",This 5-bedroom cottage is on the beach at Barra near the Green Turtle at the Sia Sente,5.0,2.0,2.0,500 m²,https://www.property24.co.mz/5-bedroom-house-for-sale-in-praia-da-barra-112763148,
2,6 Bedroom House,16612247,Praia do Tofo,"4HQ2+92J Tofo Beach, Praia do Tofo, Inhambane City","This 1/2 an acre exclusive beachfront plot, situated right on Tofinho Beach in Praia do",6.0,4.0,4.0,360 m²,https://www.property24.co.mz/6-bedroom-house-for-sale-in-praia-do-tofo-114736457,South
2,4 Bedroom House,29000000,Praia do Tofo,"1 Tofinho, Praia do Tofo, Inhambane City",Stunning 4-Suite Family Home in Tofinho – Prime Location with Breathtaking Sea Views,4.0,2.0,2.0,817 m²,https://www.property24.co.mz/4-bedroom-house-for-sale-in-praia-do-tofo-116092088,South
2,2 Bedroom House,1500000,Inhambane City Central,"1 Kingfisher Lake Street, Inhambane City Central, Inhambane City","2 BEDROOM LAKESIDE HOUSE NEAR TO KINGFISHER LAKE SCHOOL, INHAMBANE

Composition: 
- 1 house",2.0,1.0,2.0,900 m²,https://www.property24.co.mz/2-bedroom-house-for-sale-in-inhambane-city-central-115798132,Central
2,4 Bedroom House,12000000,Praia da Barra,"10 Farol Do Barra, Praia da Barra, Inhambane City",This beautiful family home has only recently been completed and it is ready for its new,4.0,1.0,2.0,250 m²,https://www.property24.co.mz/4-bedroom-house-for-sale-in-praia-da-barra-113039885,
3,2 Bedroom House,1100000,Dongane,"1 Dongane Rd, Dongane, Inhambane City",Seize this once-in-a-lifetime opportunity to own a spacious Inhambane beachfront property,2.0,1.0,4.0,100 m²,https://www.property24.co.mz/2-bedroom-house-for-sale-in-dongane-115327969,North
3,5 Bedroom House,18500000,Praia da Barra,"1 Beach Road, Praia da Barra, Inhambane City",This beautiful and elegant beach house is located right on the beach in Barra with a vast,5.0,1.0,6.0,2 570 m²,https://www.property24.co.mz/5-bedroom-house-for-sale-in-praia-da-barra-111857202,
3,6 Bedroom House,6000000,Praia da Barra,"1 Rua Do Farol, Praia da Barra, Inhambane City","This beautiful and sizeable 6-bedroom house has all of the features of your main home, it",6.0,2.0,2.0,921 m²,https://www.property24.co.mz/6-bedroom-house-for-sale-in-praia-da-barra-112214151,
3,4 Bedroom House,10300000,Praia da Barra,"Beach Road, Praia da Barra, Inhambane City","This property has absolutely stunning views of the bay at Barra, it is located just away",4.0,3.0,2.0,2 312 m²,https://www.property24.co.mz/4-bedroom-house-for-sale-in-praia-da-barra-111228581,
3,2 Bedroom House,4000000,Praia do Tofo,"1 Rua Das Sigomas Tofinho, Praia do Tofo, Inhambane City","The beautiful, traditional home is ideally located in Tofinho on Rua Das Sigomas, just a",2.0,2.0,4.0,2 500 m²,https://www.property24.co.mz/2-bedroom-house-for-sale-in-praia-do-tofo-113907707,South
3,2 Bedroom House,1200000,Dongane,"1 Dongane Beach Road, Dongane, Inhambane City",Seize this once-in-a-lifetime opportunity to own a spacious Inhambane beachfront property,2.0,1.0,1.0,200 m²,https://www.property24.co.mz/2-bedroom-house-for-sale-in-dongane-115484332,North
3,3 Bedroom House,5500000,Praia da Barra,"1 Barra, Praia da Barra, Inhambane City","This unit comprises 15 plots, designed to provide everyone with unrestricted sea views over",3.0,1.0,4.0,250 m²,https://www.property24.co.mz/3-bedroom-house-for-sale-in-praia-da-barra-112975745,
3,4 Bedroom House,3200000,Dongane,"1 Dongane Road, Dongane, Inhambane City",This exceptional 8-sleeper holiday house is located on the Vista Marlargo Estate at,4.0,2.0,4.0,2 500 m²,https://www.property24.co.mz/4-bedroom-house-for-sale-in-dongane-115478845,North
3,3 Bedroom House,5000000,Praia da Barra,"Lighthouse Road, Praia da Barra, Inhambane City","This property is the first of an intended 6 properties on the site of 4,000m2. It is to be",3.0,1.0,4.0,450 m²,https://www.property24.co.mz/3-bedroom-house-for-sale-in-praia-da-barra-111233636,
3,3 Bedroom House,14000000,Praia do Tofo,"1 Tofo, Praia do Tofo, Inhambane City","This beautiful little garden cottage is located in the heart of Tofo, right on the doorstep",3.0,1.0,4.0,2 500 m²,https://www.property24.co.mz/3-bedroom-house-for-sale-in-praia-do-tofo-114557754,South
3,1 Bedroom House,3500000,Praia do Tofo,"1 Tofinho Street, Praia do Tofo, Inhambane City",Welcome to your dream beach escape! This affordable one-bedroom residence in the heart of,1.0,3.0,4.0,100 m²,https://www.property24.co.mz/1-bedroom-house-for-sale-in-praia-do-tofo-112825801,South
3,5 Bedroom House,10000000,Praia da Barra,"1 Barra Beach Road, Praia da Barra, Inhambane City","2 x Beach cottages on Fair Winds Estate

?	The newly thatched cottages are part of a small",5.0,2.0,4.0,500 m²,https://www.property24.co.mz/5-bedroom-house-for-sale-in-praia-da-barra-115034803,
3,4 Bedroom House,6500000,Praia do Tofo,"1 Tofinho South Road, Praia do Tofo, Inhambane City","This family house is made up of 2 buildings; the main house has a veranda, an open plan",4.0,2.0,4.0,1 050 m²,https://www.property24.co.mz/4-bedroom-house-for-sale-in-praia-do-tofo-111337492,South
3,2 Bedroom House,4000000,Praia do Tofo,"1 Tofinho, Praia do Tofo, Inhambane City",This property is in good condition and ready to welcome its new family. It is a small,2.0,1.0,5.0,600 m²,https://www.property24.co.mz/2-bedroom-house-for-sale-in-praia-do-tofo-114440358,South
3,2 Bedroom House,3850000,Praia do Tofo,"1 Tofinho, Praia do Tofo, Inhambane City",Casa de Boa Vida is a stilt-style house built on poles with a wraparound porch. It is very,2.0,2.0,4.0,750 m²,https://www.property24.co.mz/2-bedroom-house-for-sale-in-praia-do-tofo-115051107,South
4,2 Bedroom House,5500000,Praia da Barra,"Barra Beach Road, Praia da Barra, Inhambane City","Beach cottage right on the seashore
	

?	The newly thatched cottage is part of a small",2.0,3.0,4.0,250 m²,https://www.property24.co.mz/2-bedroom-house-for-sale-in-praia-da-barra-111277773,
4,4 Bedroom House,4500000,Dongane,"1 Dongane Beach Road, Dongane, Inhambane City","This stunning ECO property is located on the Paraiso De Dongane Estate in Inhambane, it is",4.0,3.0,3.0,800 m²,https://www.property24.co.mz/4-bedroom-house-for-sale-in-dongane-112202719,North
4,3 Bedroom House,21000000,Praia do Tofo,"4HJ3+G6H Tofo Beach, Praia do Tofo, Inhambane City","Perched on a hill above legendary Tofinho Point, this coastal retreat offers breathtaking",3.0,3.0,4.0,,https://www.property24.co.mz/3-bedroom-house-for-sale-in-praia-do-tofo-116638251,South
4,2 Bedroom House,4750000,Praia do Tofo,"4GHX+MR3 Tofo Beach, Praia do Tofo, Inhambane City","Perched alone on a dune with a wide ocean view to the East, hills with palm groves to the",2.0,1.0,4.0,1 375 m²,https://www.property24.co.mz/2-bedroom-house-for-sale-in-praia-do-tofo-111522181,South
4,5 Bedroom House,14000000,Praia do Tofo,"242 Av Josina Machel, Praia do Tofo, Inhambane City","This large family home is located on the way in to Tofo from the junction with Barra, just",5.0,1.0,4.0,2 500 m²,https://www.property24.co.mz/5-bedroom-house-for-sale-in-praia-do-tofo-111292440,South
4,3 Bedroom House,12000000,Praia do Tofo,"1 Back Door Beach, Praia do Tofo, Inhambane City","Welcome to your dream home in Tofinho, a peaceful suburb of Tofo, Mozambique! This stunning",3.0,1.0,2.0,800 m²,https://www.property24.co.mz/3-bedroom-house-for-sale-in-praia-do-tofo-115414339,South
4,3 Bedroom House,4200000,Praia do Tofo,"4GJW+XX Tofo Beach, Praia do Tofo, Inhambane City","This charming house offers a tranquil setting only 1km from Tofinho Beach. Fully completed,",3.0,3.0,4.0,144 m²,https://www.property24.co.mz/3-bedroom-house-for-sale-in-praia-do-tofo-111500364,South
4,3 Bedroom House,13500000,Praia do Tofo,"4GPW+7V6 Tofo Beach, Praia do Tofo, Inhambane City",Spacious and solid 3 bedroom house for sale close to beach located in a quiet area in,3.0,3.0,4.0,200 m²,https://www.property24.co.mz/3-bedroom-house-for-sale-in-praia-do-tofo-111500355,South
4,2 Bedroom House,1500000,Praia da Barra,"1 Barra, Praia da Barra, Inhambane City",This little 2 bedroom cottage has everything you need for your getaway to the coast. It is,2.0,3.0,4.0,1 200 m²,https://www.property24.co.mz/2-bedroom-house-for-sale-in-praia-da-barra-114444021,
4,4 Bedroom House,7000000,Praia da Barra,,? The newly thatched cottage is part of a small established complex that has 6 houses in,4.0,1.0,5.0,250 m²,https://www.property24.co.mz/4-bedroom-house-for-sale-in-praia-da-barra-114430730,
4,3 Bedroom House,3500000,Inhambane City Central,"1 Inhambane, Inhambane City Central, Inhambane City",3-bedroom cottage in Inhambane City in a well-respected family área. It's a family home,3.0,1.0,4.0,2 500 m²,https://www.property24.co.mz/3-bedroom-house-for-sale-in-inhambane-city-central-113506477,Central
4,3 Bedroom House,15000000,Inhambane City Central,"826 Av Revolucao, Inhambane City Central, Inhambane City",This beautiful traditional family home is available to the market in the heart of Inhambane,3.0,1.0,3.0,1 050 m²,https://www.property24.co.mz/3-bedroom-house-for-sale-in-inhambane-city-central-113307401,Central
4,6 Bedroom House,12900000,Praia do Tofo,"Beach Road, Praia do Tofo, Inhambane City","This very new property comes to the market with 6 double, air conditioned bedrooms, 3",6.0,2.0,4.0,1 236 m²,https://www.property24.co.mz/6-bedroom-house-for-sale-in-praia-do-tofo-111041323,South
4,5 Bedroom House,14000000,Praia do Tofo,"242 Av Josina Machel, Praia do Tofo, Inhambane City","This large family home is located on the way in to Tofo from the junction with Barra, just",5.0,1.0,4.0,2 500 m²,https://www.property24.co.mz/5-bedroom-house-for-sale-in-praia-do-tofo-116881284,South
5,3 Bedroom House,12000000,Praia do Tofo,"1 Tofo Street, Praia do Tofo, Inhambane City","This beautiful holiday home is located on the Driftwood Estate in Tofo, a small and",3.0,1.0,4.0,376 m²,https://www.property24.co.mz/3-bedroom-house-for-sale-in-praia-do-tofo-114015633,South
5,2 Bedroom House,1500000,Dongane,"1 Dongane Rd, Dongane, Inhambane City",Seize this once-in-a-lifetime opportunity to own a spacious Inhambane beachfront property,2.0,1.0,2.0,100 m²,https://www.property24.co.mz/2-bedroom-house-for-sale-in-dongane-112413394,North
5,3 Bedroom House,5500000,Praia da Barra,,This 3 bedroom cottage is located on the beach within a small condominium that contains 6,3.0,1.0,4.0,1 000 m²,https://www.property24.co.mz/3-bedroom-house-for-sale-in-praia-da-barra-111228211,
5,2 Bedroom House,720000,Dongane,"1 Dongane Beach Road, Dongane, Inhambane City",Seize this once-in-a-lifetime opportunity to own a spacious Inhambane beachfront property,2.0,1.0,4.0,100 m²,https://www.property24.co.mz/2-bedroom-house-for-sale-in-dongane-116867582,North
5,2 Bedroom House,5500000,Praia da Barra,,? The newly thatched cottage is part of a small established complex that has 6 houses in,2.0,3.0,4.0,2 509 m²,https://www.property24.co.mz/2-bedroom-house-for-sale-in-praia-da-barra-115968833,
5,5 Bedroom House,19200000,Praia do Tofo,,"21km south of Inhambane airport and 500km from Maputo, on the Tofinho peninsula.  This",5.0,5.0,4.0,2 000 m²,https://www.property24.co.mz/5-bedroom-house-for-sale-in-praia-do-tofo-111292424,South
5,2 Bedroom House,9500000,Praia do Tofo,,We are pleased to offer you this superb sea view house with spectacular breathtaking sea,2.0,2.0,4.0,470 m²,https://www.property24.co.mz/2-bedroom-house-for-sale-in-praia-do-tofo-111500348,South
5,2 Bedroom House,6000000,Praia do Tofo,,Set within Tofo central area and 100 meters walking distance to the beach we offer for sale,2.0,1.0,4.0,,https://www.property24.co.mz/2-bedroom-house-for-sale-in-praia-do-tofo-111505679,South
5,2 Bedroom House,720000,Dongane,"1 Dongane Beach Road, Dongane, Inhambane City",Seize this once-in-a-lifetime opportunity to own a spacious Inhambane beachfront property,2.0,1.0,4.0,100 m²,https://www.property24.co.mz/2-bedroom-house-for-sale-in-dongane-111956191,North
5,2 Bedroom House,6500000,Praia do Tofo,,Owners have reluctantly decided to sell  piece of paradise between Tofo and Barra.  Indeed,2.0,3.0,4.0,,https://www.property24.co.mz/2-bedroom-house-for-sale-in-praia-do-tofo-111292425,South
1,5 Bedroom House,13000000,Marracuene,"6JHP+FX Marracuene, Marracuene, Marracuene","Vende-se excelente e magnífica moradia tipo 5_x000D_
_x000D_
Em Marracuene Facim_x000D_
_x000D_
 *R/c:* _x000D_
1 sala",5.0,5.0,5.0,2 m²,https://www.property24.co.mz/5-bedroom-house-for-sale-in-marracuene-114979807,South
1,3 Bedroom Apartment / Flat,10500000,Matola Central,"4CCQ+2P Jamo, Matola Central, Matola","Luxury 3 bedroom villa, located in Matola Malhampsene, just a few meters from the EN4,",3.0,6.0,6.0,,https://www.property24.co.mz/3-bedroom-apartment-flat-for-sale-in-matola-central-117057500,South
1,4 Bedroom House,13800000,Matola Central,"X9MW+XJ Belo Horizonte, Matola Central, Matola","4 bedroom house for sale in Belo Horizonte, close to wunitive ( isteg ) in a quiet and safe",4.0,6.0,10.0,,https://www.property24.co.mz/4-bedroom-house-for-sale-in-matola-central-117066454,South
1,3 Bedroom House,65000000,Matola Central,"660 Avenida Jose Craveirinha, Matola Central, Matola","Situated in a prime and secure area of Matola City, this expansive property offers a rare",3.0,3.0,5.0,8 195 m²,https://www.property24.co.mz/3-bedroom-house-for-sale-in-matola-central-117102151,South
1,3 Bedroom Townhouse,10500000,Matola Central,"4C9Q+GWV Maputo, Matola Central, Matola","Luxury 3 bedroom villa, located in Matola Malhampsene, just a few meters from the EN4,",3.0,6.0,6.0,,https://www.property24.co.mz/3-bedroom-townhouse-for-sale-in-matola-central-117057518,South
1,3 Bedroom House,10500000,Matola Central,"4CCQ+64F Matola, Matola Central, Matola","Luxury 3 bedroom villa, located in Matola Malhampsene, just a few meters from the EN4,",3.0,6.0,6.0,,https://www.property24.co.mz/3-bedroom-house-for-sale-in-matola-central-117057486,South
1,3 Bedroom House,10500000,Matola Central,"4CCQ+64F Matola, Matola Central, Matola","Luxury 3 bedroom villa, located in Matola Malhampsene, just a few meters from the EN4,",3.0,6.0,6.0,,https://www.property24.co.mz/3-bedroom-house-for-sale-in-matola-central-117057479,South
1,3 Bedroom House,13800000,Matola Central,"Maputo, Matola Central, Matola","Excellent Type 3 villa available for sale in Condomínio Esperança, located in Matola",3.0,6.0,8.0,,https://www.property24.co.mz/3-bedroom-house-for-sale-in-matola-central-117044637,South
1,4 Bedroom House,13800000,Matola Central,"X9MW+XJ Belo Horizonte, Matola Central, Matola","4 bedroom house for sale in Belo Horizonte, close to wunitive ( isteg ) in a quiet and safe",4.0,6.0,10.0,,https://www.property24.co.mz/4-bedroom-house-for-sale-in-matola-central-116991185,South
1,3 Bedroom House,10000000,Matola Central,"3CHR+HRF Matola, Matola Central, Matola","3 bedroom house for sale in Matola close to wbho._x000D_
_x000D_
PROPERTY HIGHLIGHTS_x000D_
_x000D_
- 3 bedrooms (2",3.0,5.0,10.0,,https://www.property24.co.mz/3-bedroom-house-for-sale-in-matola-central-116991987,South
1,4 Bedroom House,17000000,Matola Central,"Matola Central, Matola","Moradia T4 no condomínio Saphira na Matola _x000D_
Vende-se excelente moradia na matola próximo",4.0,5.0,2.0,,https://www.property24.co.mz/4-bedroom-house-for-sale-in-matola-central-117100777,South
1,3 Bedroom House,10000000,Matola Central,"Matola Rio, Matola Central, Matola","Property consists of:

Inside area - Main bedroom with a walk-in closet, built in cupboards",3.0,3.0,4.0,500 m²,https://www.property24.co.mz/3-bedroom-house-for-sale-in-matola-central-117000738,South
1,3 Bedroom House,7500000,Matola Central,"1 Rua Peixe de Mama, Matola Central, Matola",Are you looking for a property that has the opportunity for potential rental income? Look,3.0,1.0,6.0,1 200 m²,https://www.property24.co.mz/3-bedroom-house-for-sale-in-matola-central-116977265,South
1,3 Bedroom House,5050000,Matola Central,"91 Rua de Mutateia, Matola Central, Matola","Well-located property, situated  behind Corner Mall 
3 bedrooms,1 bathroom, big kitchen,",3.0,1.0,4.0,500 m²,https://www.property24.co.mz/3-bedroom-house-for-sale-in-matola-central-116978960,South
1,3 Bedroom House,10500000,Matola Central,"Matola Central, Matola","Luxury 3 bedroom villa for sale in Cidade da Matola Malhampsene, just a few meters from the",3.0,3.0,4.0,,https://www.property24.co.mz/3-bedroom-house-for-sale-in-matola-central-116981464,South
1,4 Bedroom House,9500000,Matola Central,"Matola Central, Matola","T4 house for sale located in Matola-Rio, close to the family clinic in a good, calm and",4.0,6.0,8.0,,https://www.property24.co.mz/4-bedroom-house-for-sale-in-matola-central-116962914,South
1,4 Bedroom House,25000000,Matola Central,"3C9W+J5X N4, Matola Central, Matola","FOR SALE_x000D_
price 25,000,000 MZN_x000D_
_x000D_
T4 +1 HOUSE (Garden park condominium _x000D_
_x000D_
LOCATION: MATOLA",4.0,6.0,4.0,,https://www.property24.co.mz/4-bedroom-house-for-sale-in-matola-central-116747933,South
2,4 Bedroom House,25000000,Matola Central,"3C9W+J5X N4, Matola Central, Matola","VENDE-SE_x000D_
preço 25.000.000 MZN_x000D_
_x000D_
MORADIA T4 +1 (Condomínio Garden park _x000D_
_x000D_
LOCALIZAÇÃO:",4.0,6.0,4.0,,https://www.property24.co.mz/4-bedroom-house-for-sale-in-matola-central-116747929,South
2,4 Bedroom House,5770000,Matola Central,"CS 19A Avenida de Namaacha, Matola Central, Matola",Are you looking for a property where you can put your own finishing touches? Then this,4.0,2.0,4.0,900 m²,https://www.property24.co.mz/4-bedroom-house-for-sale-in-matola-central-116977170,South
2,4 Bedroom Townhouse,10000000,Matola Central,"4CVF+24 Jamo, Matola Central, Matola","For sale _x000D_
Type 4 house in Matola Condomínio jessebel,_x000D_
Price: 10,000,000.00",4.0,5.0,6.0,,https://www.property24.co.mz/4-bedroom-townhouse-for-sale-in-matola-central-116554213,South
2,4 Bedroom House,10000000,Matola Central,"4CRF+V4 Jamo, Matola Central, Matola","For sale _x000D_
Type 4 house in Matola Condomínio jessebel,_x000D_
Price: 10,000,000.00",4.0,5.0,6.0,,https://www.property24.co.mz/4-bedroom-house-for-sale-in-matola-central-116554209,South
2,4 Bedroom Townhouse,16600000,Matola Central,"Q166 Av. das Indústrias, Matola Central, Matola","For sale _x000D_
Thursday with 7,000 m² in a good location._x000D_
_x000D_
Discretion:_x000D_
- Total area",4.0,6.0,20.0,7 m²,https://www.property24.co.mz/4-bedroom-townhouse-for-sale-in-matola-central-115824521,South
2,3 Bedroom House,11000000,Matola Central,"3C9W+8M9 Matola, Matola Central, Matola","Villa Type (3) at EN4 Condominium Dreams Village Matola_x000D_
Contact us; _x000D_
_x000D_
At the price of:",3.0,3.0,3.0,54 m²,https://www.property24.co.mz/3-bedroom-house-for-sale-in-matola-central-114961137,South
3,3 Bedroom House,15500000,Matola Central,"2FG9+WGV Maputo, Matola Central, Matola","For sale _x000D_
15,500,000 mzn _x000D_
_x000D_
Luxuosa_moradia_tp3 +1_x000D_
Location_Cidade_da_Matola, near the",3.0,4.0,4.0,8 m²,https://www.property24.co.mz/3-bedroom-house-for-sale-in-matola-central-114936191,South
3,3 Bedroom House,7700000,Matola Central,"3CQP+Q5Q Matola, Matola Central, Matola","?? Mzn 7.700.000,00_x000D_
_x000D_
Trata-se de uma espaçosa moradia tp3, construída em um amplo terreno",3.0,2.0,2.0,348 m²,https://www.property24.co.mz/3-bedroom-house-for-sale-in-matola-central-114645516,South
3,3 Bedroom House,3000000,Matola Central,"3FQ8+XJ5 Maputo, Matola Central, Matola",Greetings ! We have available for sale and income beautiful villas type-3 in a condominium,3.0,2.0,2.0,4 m²,https://www.property24.co.mz/3-bedroom-house-for-sale-in-matola-central-114966476,South
3,3 Bedroom House,10000000,Matola Central,"Av. Joaqim Chissano Maputo, Matola Central, Matola","A luxurious TP3 dwelling is sold in the promotion, 100 m from Estrda._x000D_
_x000D_
_x000D_
It is a super",3.0,3.0,4.0,3 m²,https://www.property24.co.mz/3-bedroom-house-for-sale-in-matola-central-114936433,South
3,4 Bedroom Townhouse,28500000,Matola Central,"3F43+6PR Matola, Matola Central, Matola",Elite Residence Condominium for sale in Matola N4 after Shoprite next to Kings,4.0,6.0,4.0,6 m²,https://www.property24.co.mz/4-bedroom-townhouse-for-sale-in-matola-central-115049675,South
3,3 Bedroom House,10500000,Matola Central,"Q 35A Rua de Mozal, Matola Central, Matola",Very nice house on river in Matola Rio with beautiful views of the River and  Matola Cidade,3.0,2.0,2.0,600 m²,https://www.property24.co.mz/3-bedroom-house-for-sale-in-matola-central-115935544,South
3,4 Bedroom House,11000000,Matola Central,"2CRC+V4 Matola, Matola Central, Matola","Sale of T4 mansion at Matola-Rio Djuba, wonderful view, all documentation up to date.",4.0,4.0,5.0,82 m²,https://www.property24.co.mz/4-bedroom-house-for-sale-in-matola-central-115727267,South
3,4 Bedroom House,12500000,Matola Central,"3C7X+JC Matola, Matola Central, Matola","For sale_x000D_
12,500,000 mzn _x000D_
_x000D_
Dwelling_tp4 (cond. Monomutapa)_x000D_
Location: Matola N4-Witbank,",4.0,4.0,4.0,3 m²,https://www.property24.co.mz/4-bedroom-house-for-sale-in-matola-central-114936068,South
3,4 Bedroom House,16600000,Matola Central,"4C7H+Q5 Matola, Matola Central, Matola","For sale _x000D_
Thursday with 7,000 m² in a good location._x000D_
_x000D_
Discretion:_x000D_
- Total area",4.0,6.0,20.0,7 m²,https://www.property24.co.mz/4-bedroom-house-for-sale-in-matola-central-115824470,South
3,5 Bedroom House,17500000,Matola Central,"X9HX+H7V Belo Horizonte, Matola Central, Matola","Type 5 house for sale in Belo Horizonte_x000D_
_x000D_
""LUXURIOUS"" VILLA BELO-HORIZONTE / land with",5.0,6.0,6.0,52 m²,https://www.property24.co.mz/5-bedroom-house-for-sale-in-matola-central-115084644,South
3,3 Bedroom House,11000000,Matola Central,"4CQG+WF Jamo, Matola Central, Matola","For sale _x000D_
Village floor floor 1 floor in Matola Tchumene 1 inside Camejo condominium.",3.0,3.0,400.0,8 m²,https://www.property24.co.mz/3-bedroom-house-for-sale-in-matola-central-115822892,South
4,5 Bedroom House,35000000,Matola Central,"Rua Rio Inharrime, Matola Central, Matola",This beautifull house consists of 3 bedrooms 1 onsuite and another 2 rooms sharing a,5.0,1.0,4.0,2 500 m²,https://www.property24.co.mz/5-bedroom-house-for-sale-in-matola-central-111103861,South
4,2 Bedroom House,17000000,Matola Central,"Malhapsene C, Matola Central, Matola","If you are looking for something different this is it!!!
Well planned and build with so",2.0,2.0,12.0,7 500 m²,https://www.property24.co.mz/2-bedroom-house-for-sale-in-matola-central-115109234,South
4,3 Bedroom House,12000000,Matola Central,"567 Matola, Matola Central, Matola","House T3+1 with pool for sale - near N4 (Garden Park)_x000D_
Price: 12.000.000  | For sale_x000D_
_x000D_
We",3.0,4.0,6.0,,https://www.property24.co.mz/3-bedroom-house-for-sale-in-matola-central-116187536,South
4,3 Bedroom House,7500000,Matola Central,"24 Foral da Matola, Matola Central, Matola","Property situated in quiet area near Boraco de Velha in newly developed area.
consisting of",3.0,3.0,11.0,36 003 m²,https://www.property24.co.mz/3-bedroom-house-for-sale-in-matola-central-111879703,South
4,4 Bedroom House,21000000,Matola Central,"4C8F+JR4 Matola, Matola Central, Matola","For sale/ property / farm_x000D_
_x000D_
we have a beautiful property available located in",4.0,6.0,10.0,7 m²,https://www.property24.co.mz/4-bedroom-house-for-sale-in-matola-central-115085176,South
4,5 Bedroom House,23000000,Matola Central,"3C9W+J5X N4, Matola Central, Matola","5 bedroom villa in the garden park village condominium._x000D_
Price:",5.0,6.0,4.0,8 m²,https://www.property24.co.mz/5-bedroom-house-for-sale-in-matola-central-117017372,South
4,5 Bedroom House,13000000,Matola Central,"Av. Joaquim Chissano, BIC, Matola Central, Matola","Nestled within a secure and tranquil neighborhood, this property offers a perfect blend of",5.0,3.0,4.0,494 m²,https://www.property24.co.mz/5-bedroom-house-for-sale-in-matola-central-113257825,South
4,6 Bedroom House,28000000,Matola Central,"XCJ2+GCM Belo Horizonte, Matola Central, Matola","For sale incredible housing T6 in Belo Horizonte for only 28,000,000.00mzn_x000D_
_x000D_
Ground",6.0,8.0,5.0,,https://www.property24.co.mz/6-bedroom-house-for-sale-in-matola-central-116189744,South
4,5 Bedroom House,23000000,Matola Central,"3C9W+J5X N4, Matola Central, Matola","5 bedroom villa in the garden park village condominium._x000D_
Price:",5.0,6.0,4.0,8 m²,https://www.property24.co.mz/5-bedroom-house-for-sale-in-matola-central-115060642,South
4,4 Bedroom House,76800000,Matola Central,"267 Cidade Da Matola, Matola ''A'', Matola Central, Matola","This is not just a home – it’s an architectural statement. Nestled on an expansive 2,704",4.0,4.0,4.0,2 704 m²,https://www.property24.co.mz/4-bedroom-house-for-sale-in-matola-central-116026310,South
4,2 Bedroom House,7800000,Matola Central,"687 Av. Patrice Lumumba, Matola Central, Matola","For sale a tp2 housing in the promotion, in a safe condominium._x000D_
_x000D_
Mzn 7,800,000.00 MZN",2.0,3.0,2.0,4 m²,https://www.property24.co.mz/2-bedroom-house-for-sale-in-matola-central-115812393,South
4,4 Bedroom House,10800000,Matola Central,"3CFV+PFV Matola, Matola Central, Matola","Type 4 Duplex for sale in Matola_x000D_
_x000D_
Location; Matola near King village EN-4._x000D_
Near Shoprite",4.0,6.0,2.0,,https://www.property24.co.mz/4-bedroom-house-for-sale-in-matola-central-116528455,South
4,5 Bedroom House,15000000,Matola Central,"3CVM+4QW Matola, Matola Central, Matola","Vende-se Moradia T.5 na Matola em frente ao Novare mall._x000D_
 Mzn 15.000.000,00_x000D_
_x000D_
É uma",5.0,6.0,4.0,2 m²,https://www.property24.co.mz/5-bedroom-house-for-sale-in-matola-central-114805674,South
4,4 Bedroom House,6000000,Matola Central,"3C74+763 Chibungo, Matola Central, Matola",Vende-se Moradia Tp4 na Mozal Próximo a Escola Nelson Mandela a 400 metros da Estrada,4.0,4.0,4.0,8 m²,https://www.property24.co.mz/4-bedroom-house-for-sale-in-matola-central-114992625,South
4,3 Bedroom House,12000000,Matola Central,"3FRV+J5G Matola, Matola Central, Matola","Furnished House for sale in Machava headquarters._x000D_
_x000D_
 Mzn 12,000,000.00_x000D_
This price",3.0,3.0,3.0,8 m²,https://www.property24.co.mz/3-bedroom-house-for-sale-in-matola-central-115084280,South
4,4 Bedroom House,12500000,Matola Central,"2CGC+WQ4 R. da Amizade, Matola Central, Matola","HOUSE Type-4 in Matola Rio enters from Mozal._x000D_
NB: coming from the city you pass the Matola",4.0,6.0,4.0,51 m²,https://www.property24.co.mz/4-bedroom-house-for-sale-in-matola-central-114983462,South
5,4 Bedroom Apartment / Flat,16600000,Matola Central,"4C7H+W4 Jamo, Matola Central, Matola","For sale _x000D_
Thursday with 7,000 m² in a good location._x000D_
_x000D_
Discretion:_x000D_
- Total area",4.0,6.0,20.0,7 m²,https://www.property24.co.mz/4-bedroom-apartment-flat-for-sale-in-matola-central-115824498,South
5,4 Bedroom House,51675000,Matola Central,"Rua de Mafurreiras, Matola Central, Matola","If you are looking for a perfect home for your family and for your moments of relaxation,",4.0,5.0,4.0,2 500 m²,https://www.property24.co.mz/4-bedroom-house-for-sale-in-matola-central-115347914,South
5,4 Bedroom House,9000000,Matola Central,"1114 Matola-Rio / Boane, Matola Central, Matola","Vende-se Moradia Tipo 4 na Matola próximo a clínica da família._x000D_
_x000D_
Valor: 8.900.000.00 mzn",4.0,4.0,4.0,,https://www.property24.co.mz/4-bedroom-house-for-sale-in-matola-central-115339530,South
5,2 Bedroom Townhouse,5500000,Matola Central,"Avenida da Namaacha Matola, Matola Central, Matola","For sale _x000D_
Condominium of 4 houses, _x000D_
Dwellings_t2 (new condominium)_x000D_
Location: Matola",2.0,3.0,4.0,,https://www.property24.co.mz/2-bedroom-townhouse-for-sale-in-matola-central-115729419,South
5,4 Bedroom Apartment / Flat,16600000,Matola Central,"4C7H+W4 Jamo, Matola Central, Matola","For sale _x000D_
Thursday with 7,000 m² in a good location._x000D_
_x000D_
Discretion:_x000D_
- Total area",4.0,6.0,20.0,7 m²,https://www.property24.co.mz/4-bedroom-apartment-flat-for-sale-in-matola-central-117016832,South
5,2 Bedroom House,5500000,Matola Central,"3F7J+97R Matola, Matola Central, Matola","For sale _x000D_
Condominium of 4 houses, _x000D_
Dwellings_t2 (new condominium)_x000D_
Location: Matola",2.0,3.0,3.0,,https://www.property24.co.mz/2-bedroom-house-for-sale-in-matola-central-115729413,South
5,3 Bedroom House,7000000,Matola Central,"4CQJ+PP6 Matola, Matola Central, Matola","For sale _x000D_
House Type 3 at Matola Tchumene 2_x000D_
Price: 7,000,000 mzn_x000D_
_x000D_
Contact: 84 8785552",3.0,3.0,5.0,,https://www.property24.co.mz/3-bedroom-house-for-sale-in-matola-central-115508119,South
5,4 Bedroom House,15000000,Matola Central,"3CJV+5C Matola, Matola Central, Matola","For sale _x000D_
T4 house in Matola _x000D_
_x000D_
2 suites_x000D_
Common room_x000D_
Kitchen_x000D_
3 balconies_x000D_
cinema",4.0,5.0,4.0,,https://www.property24.co.mz/4-bedroom-house-for-sale-in-matola-central-115091519,South
5,2 Bedroom House,7200000,Matola Central,"Matola Central, Matola","Moradia T2 num condomínio na Matola _x000D_
Localizada no Fomento _x000D_
Com 2 WC s _x000D_
Casa T2 inserida",2.0,2.0,4.0,,https://www.property24.co.mz/2-bedroom-house-for-sale-in-matola-central-116655662,South
5,4 Bedroom House,15000000,Matola Central,"2C8J+Q93 Belo Horizonte, Matola Central, Matola","For sale_x000D_
_x000D_
Housing Type 4 in Matola Rio before police control. NB: Independent Condominium",4.0,5.0,10.0,,https://www.property24.co.mz/4-bedroom-house-for-sale-in-matola-central-116116264,South
5,3 Bedroom House,15500000,Matola Central,"2FH9+4Q8 Matola, Matola Central, Matola","New Type 3 house for sale in the city of Matola._x000D_
_x000D_
This is a home for cozy accommodation,",3.0,3.0,3.0,,https://www.property24.co.mz/3-bedroom-house-for-sale-in-matola-central-115104416,South
5,4 Bedroom House,19500000,Matola Central,"3C8X+M7H Matola, Matola Central, Matola","Type 4 Duplex For sale in Eden Condominium with the following characteristics:_x000D_
_x000D_
4",4.0,5.0,5.0,,https://www.property24.co.mz/4-bedroom-house-for-sale-in-matola-central-115730196,South
6,4 Bedroom House,11000000,Matola Central,"3C7W+6R7 Matola, Matola Central, Matola","For sale_x000D_
 11,00,000 mzn _x000D_
_x000D_
house_tp4 (cond. MONOMUTAPA)_x000D_
LOCATION:MATOLA N4-WITBANK,",4.0,4.0,4.0,,https://www.property24.co.mz/4-bedroom-house-for-sale-in-matola-central-115328451,South
6,2 Bedroom Apartment / Flat,4250000,Matola Central,"1 Av. Namaacha, Matola Central, Matola","Discover modern living in the heart of Matola at Riverview Apartments, conveniently",2.0,2.0,4.0,10 000 m²,https://www.property24.co.mz/2-bedroom-apartment-flat-for-sale-in-matola-central-115207457,South
6,2 Bedroom Apartment / Flat,3500000,Matola Central,"4CCQ+FGQ Jamo, Matola Central, Matola","BEAUTIFUL 2 bedroom apartments for sale (ground floor and 1st floor) _x000D_
3,500,000 MZN",2.0,2.0,2.0,3 m²,https://www.property24.co.mz/2-bedroom-apartment-flat-for-sale-in-matola-central-115048838,South
6,4 Bedroom House,11000000,Matola Central,"1114 Matola-Rio / Boane, Matola Central, Matola","Type 4 house for sale in Matola_x000D_
_x000D_
Value: 11.000,000.00 mzn Negotiable _x000D_
_x000D_
Contacts:_x000D_
- 84",4.0,4.0,4.0,,https://www.property24.co.mz/4-bedroom-house-for-sale-in-matola-central-115258806,South
6,3 Bedroom House,9000000,Matola Central,"4C7F+GGC Matola, Matola Central, Matola","We have available for sale in the Malhampsene vilage condominium_x000D_
_x000D_
 Type3 _x000D_
 Suite room",3.0,3.0,4.0,,https://www.property24.co.mz/3-bedroom-house-for-sale-in-matola-central-117052122,South
6,4 Bedroom House,11000000,Matola Central,"4CRP+MG Jamo, Matola Central, Matola","We have available for sale _x000D_
_x000D_
 Tchumene 2 Yellow Contentor- (1 Minuto da N4)_x000D_
_x000D_
Dwelling",4.0,4.0,4.0,,https://www.property24.co.mz/4-bedroom-house-for-sale-in-matola-central-115822161,South
6,3 Bedroom House,7500000,Matola Central,"4CRM+6C Jamo, Matola Central, Matola","For sale _x000D_
Type 3 house in Matola Chumene 2, 300 meters from the N4._x000D_
_x000D_
Price: 7,500,000",3.0,3.0,3.0,,https://www.property24.co.mz/3-bedroom-house-for-sale-in-matola-central-115091496,South
6,3 Bedroom House,6500000,Matola Central,"4CVF+74 Jamo, Matola Central, Matola","For sale T3 villa with unique and modern architecture._x000D_
Selling price _x000D_
7,000,000.00mt with",3.0,3.0,5.0,,https://www.property24.co.mz/3-bedroom-house-for-sale-in-matola-central-115885012,South
6,3 Bedroom House,9000000,Matola Central,"4C7F+GGC Matola, Matola Central, Matola","We have available for sale in the Malhampsene vilage condominium_x000D_
_x000D_
 Type3 _x000D_
 Suite room",3.0,3.0,4.0,,https://www.property24.co.mz/3-bedroom-house-for-sale-in-matola-central-115091562,South
6,3 Bedroom House,8500000,Matola Central,"4C9Q+GWV Maputo, Matola Central, Matola","FOR SALE _x000D_
8,500,000 MZN_x000D_
_x000D_
HOUSING_TP3+1_x000D_
LOCATION: MATOLA TSALALA (malhampsene) near the",3.0,3.0,10.0,,https://www.property24.co.mz/3-bedroom-house-for-sale-in-matola-central-115258852,South
6,4 Bedroom House,7500000,Matola Central,"N4 Maputo, Matola Central, Matola","DUPLÉX TP4 for sale in Matola, for 7,500,000.00mt. Located 1 minute from EN4, B.",4.0,4.0,5.0,,https://www.property24.co.mz/4-bedroom-house-for-sale-in-matola-central-115727844,South
6,3 Bedroom House,3,Matola Central,"Matola Central, Matola","Vende-se Casa Nova - Tipo 3, com Anexc_x000D_
Localizada no bairro de Tchumene 2, a apenas 2",3.0,3.0,2.0,,https://www.property24.co.mz/3-bedroom-house-for-sale-in-matola-central-116541726,South
6,4 Bedroom House,11000000,Matola Central,"3FFH+8Q6 Matola, Matola Central, Matola","Type 4 house for sale in Matola Fomento._x000D_
_x000D_
price: 11,000,000 mzn_x000D_
_x000D_
cell:_x000D_
- 87 4334552",4.0,4.0,4.0,,https://www.property24.co.mz/4-bedroom-house-for-sale-in-matola-central-115091536,South
7,4 Bedroom House,20000000,Matola Central,"Matola Central, Matola","Vende-se excelente moradia na motala , no CONDOMÍNIO SAPHIRE_x000D_
_x000D_
Descrições do imóvel:_x000D_
- 4",4.0,5.0,2.0,1 m²,https://www.property24.co.mz/4-bedroom-house-for-sale-in-matola-central-115593344,South
7,5 Bedroom House,45000000,Matola Central,"En4, Matola Central, Matola","This property  consists of 5 bedrooms  , one onsuite on ground floor as well as office, 4",5.0,1.0,2.0,800 m²,https://www.property24.co.mz/5-bedroom-house-for-sale-in-matola-central-111571621,South
7,3 Bedroom Apartment / Flat,10800000,Matola Central,"Matola Central, Matola","For sale _x000D_
T3 apartment in the city of Matola Condominium Bela Vista._x000D_
_x000D_
Price:",3.0,3.0,3.0,2 m²,https://www.property24.co.mz/3-bedroom-apartment-flat-for-sale-in-matola-central-114966516,South
7,4 Bedroom House,16600000,Matola Central,"Matola Central, Matola","For sale _x000D_
Thursday with 7,000 m² in a good location._x000D_
_x000D_
Discretion:_x000D_
- Total area",4.0,6.0,6.0,7 m²,https://www.property24.co.mz/4-bedroom-house-for-sale-in-matola-central-115085235,South
7,3 Bedroom House,12500000,Matola Central,"Matola Central, Matola","3 bedroom house Machava neighborhood - Headquarters_x000D_
_x000D_
 Living & Dining Room with Front",3.0,3.0,3.0,5 m²,https://www.property24.co.mz/3-bedroom-house-for-sale-in-matola-central-114961778,South
7,3 Bedroom House,20000000,Matola Central,"24/A Av. União Africana, Cidade da Matola, Matola Central, Matola","Spacious 3-Bedroom Home with Landscaped Garden & Additional Dwelling

Discover this",3.0,1.0,4.0,2 142.16 m²,https://www.property24.co.mz/3-bedroom-house-for-sale-in-matola-central-115817610,South
7,4 Bedroom House,16600000,Matola Central,"Matola Central, Matola","For sale _x000D_
Thursday with 7,000 m² in a good location._x000D_
_x000D_
Discretion:_x000D_
- Total area",4.0,6.0,6.0,7 m²,https://www.property24.co.mz/4-bedroom-house-for-sale-in-matola-central-116815000,South
7,3 Bedroom House,4500000,Matola Central,"2nd, Matola Central, Matola","Houses consists of 3 bedrooms 2 bathrooms , openplan living,dining and kitchen",3.0,1.0,3.0,400 m²,https://www.property24.co.mz/3-bedroom-house-for-sale-in-matola-central-111103855,South
7,6 Bedroom House,42250000,Matola Central,"Godinho, Cidade da Matola, Matola Central, Matola",Beautifull house for sale in Godinho consists in 4 bedrooms (2 on the ground floor and 2 on,6.0,8.0,4.0,2 874 m²,https://www.property24.co.mz/6-bedroom-house-for-sale-in-matola-central-113356860,South
7,6 Bedroom House,16500000,Matola Central,"Matola Central, Matola","For sale _x000D_
Thursday with 7,000 m² in a good location._x000D_
_x000D_
Discretion:_x000D_
- Total area",6.0,6.0,40.0,7 m²,https://www.property24.co.mz/6-bedroom-house-for-sale-in-matola-central-115884058,South
7,4 Bedroom House,16000000,Matola Central,"EN4 Malhapsene, Mussumbuluko, Matola Central, Matola","Step into this stunning double-storey residence, where modern design meets comfortable",4.0,3.0,4.0,580 m²,https://www.property24.co.mz/4-bedroom-house-for-sale-in-matola-central-114990677,South
7,3 Bedroom House,14500000,Matola Central,"Matola Central, Matola","House for sale in matola city new house._x000D_
This is a house for cozy accommodation, offering",3.0,3.0,3.0,8 m²,https://www.property24.co.mz/3-bedroom-house-for-sale-in-matola-central-115043206,South
7,4 Bedroom House,25000000,Matola Central,,"This beautifull property consists of 4 bedrooms, 1 onsuite other bathroom shared , spacious",4.0,2.0,10.0,2 000 m²,https://www.property24.co.mz/4-bedroom-house-for-sale-in-matola-central-112316334,South
8,4 Bedroom House,52000000,Matola Central,"Tchumene, Matola Central, Matola","Property is well located in the police station toll gate, which makes it very secure...",4.0,5.0,2.0,2 500 m²,https://www.property24.co.mz/4-bedroom-house-for-sale-in-matola-central-113356796,South
8,4 Bedroom House,16600000,Matola Central,"Matola Central, Matola","For sale _x000D_
Thursday with 7,000 m² in a good location._x000D_
_x000D_
Discretion:_x000D_
- Total area",4.0,6.0,10.0,7 m²,https://www.property24.co.mz/4-bedroom-house-for-sale-in-matola-central-115085205,South
8,1 Bedroom Apartment / Flat,3500000,Matola Central,"Rua União Africana, Matola, Matola Central, Matola","Discover contemporary living in Riverview Apartments, ideally located in Matola with easy",1.0,1.0,4.0,10 000 m²,https://www.property24.co.mz/1-bedroom-apartment-flat-for-sale-in-matola-central-115207213,South
8,5 Bedroom House,17500000,Matola Central,"Matola Central, Matola","Type 5 house for sale in Belo Horizonte_x000D_
_x000D_
""LUXURIOUS"" VILLA BELO-HORIZONTE / land with",5.0,6.0,6.0,52 m²,https://www.property24.co.mz/5-bedroom-house-for-sale-in-matola-central-115084692,South
8,4 Bedroom House,28500000,Matola Central,"Matola Central, Matola",Elite Residence Condominium for sale in Matola N4 after Shoprite next to Kings,4.0,6.0,4.0,8 m²,https://www.property24.co.mz/4-bedroom-house-for-sale-in-matola-central-115049643,South
8,6 Bedroom House,31500000,Matola Central,,"This Beautifull house has 2 separate areas 
2 Houses each consisting of 3 bedrooms ,2",6.0,2.0,4.0,1 500 m²,https://www.property24.co.mz/6-bedroom-house-for-sale-in-matola-central-112285476,South
8,3 Bedroom House,9000000,Matola Central,"Matola Central, Matola","Vende-se _x000D_
VIVENDA Tipo 3 na Matola Liberdade._x000D_
_x000D_
Preço; 9.000.000 MT_x000D_
Contacto: 84 8785552",3.0,3.0,3.0,8 m²,https://www.property24.co.mz/3-bedroom-house-for-sale-in-matola-central-115038084,South
8,5 Bedroom House,54400000,Matola Central,"Matola Central, Matola","For sale in the Garden Park Premium condominium, the best condominium in Maputo/Mozambique,",5.0,7.0,6.0,,https://www.property24.co.mz/5-bedroom-house-for-sale-in-matola-central-115942085,South
8,3 Bedroom House,15500000,Matola Central,"Matola Central, Matola","New Type 3 Villa for sale in the city of Matola._x000D_
Located in the city of Matola near the",3.0,3.0,5.0,,https://www.property24.co.mz/3-bedroom-house-for-sale-in-matola-central-115983589,South
8,6 Bedroom House,16500000,Matola Central,"Matola Central, Matola","For sale _x000D_
Thursday with 7,000 m² in a good location._x000D_
_x000D_
Discretion:_x000D_
- Total area",6.0,7.0,40.0,,https://www.property24.co.mz/6-bedroom-house-for-sale-in-matola-central-115884061,South
8,12 Bedroom Townhouse,22000000,Matola Central,"Matola Central, Matola","4 houses for sale in Matola rio, all houses at the same price; 22 million",12.0,8.0,20.0,,https://www.property24.co.mz/12-bedroom-townhouse-for-sale-in-matola-central-115091123,South
8,4 Bedroom House,28500000,Matola Central,"Matola Central, Matola",Elite Residence Condominium for sale in Matola N4 after Shoprite next to Kings,4.0,6.0,4.0,8 m²,https://www.property24.co.mz/4-bedroom-house-for-sale-in-matola-central-116940889,South
8,12 Bedroom House,22000000,Matola Central,"Matola Central, Matola","4 houses for sale in Matola rio, all houses at the same price; 22 million",12.0,8.0,4.0,,https://www.property24.co.mz/12-bedroom-house-for-sale-in-matola-central-115091107,South
8,4 Bedroom House,20000000,Matola Central,"Matola Central, Matola","For sale _x000D_
Price: 20,000,000 mzn _x000D_
_x000D_
Magnificent Housing T4 (Sapphire",4.0,5.0,4.0,,https://www.property24.co.mz/4-bedroom-house-for-sale-in-matola-central-115938790,South
8,3 Bedroom House,15500000,Matola Central,"Matola Central, Matola","New Type 3 house for sale in the city of Matola._x000D_
_x000D_
This is a home for cozy accommodation,",3.0,4.0,5.0,,https://www.property24.co.mz/3-bedroom-house-for-sale-in-matola-central-115271678,South
8,4 Bedroom House,15000000,Matola Central,"Matola Central, Matola","4 bedroom house in Monomutapa condominium_x000D_
Selling 4 bedroom house in Matola in MONOMUTAPA",4.0,3.0,4.0,,https://www.property24.co.mz/4-bedroom-house-for-sale-in-matola-central-116140782,South
9,4 Bedroom House,17000000,Matola Central,"Matola Central, Matola","4 bedroom house in Praia do Bilene_x000D_
4 bedroom property for sale in Praia do",4.0,3.0,4.0,,https://www.property24.co.mz/4-bedroom-house-for-sale-in-matola-central-116140747,South
9,4 Bedroom House,12000000,Matola Central,"Matola, Matola Central, Matola","4 bedroom house in a condominium in Matola_x000D_
FOR SALE_x000D_
Price: 12,000,000MT_x000D_
4 bedroom house",4.0,3.0,4.0,,https://www.property24.co.mz/4-bedroom-house-for-sale-in-matola-central-116140723,South
9,3 Bedroom House,10000000,Matola Central,"1 rua 11.137, Matola Central, Matola",Move in and stay in this inviting heart warming family house. Spacious open plan living,3.0,3.0,2.0,300 m²,https://www.property24.co.mz/3-bedroom-house-for-sale-in-matola-central-112047353,South
9,3 Bedroom House,6500000,Matola Central,"Matola Central, Matola","Luxurious housing_x000D_
3 bathrooms_x000D_
A suite room_x000D_
Electric Fencers_x000D_
American Kitchen_x000D_
Madeiraw",3.0,3.0,8.0,,https://www.property24.co.mz/3-bedroom-house-for-sale-in-matola-central-115954260,South
9,3 Bedroom House,11500000,Matola Central,,"Description:

This stunning property offers everything you've been searching for. Located",3.0,1.0,2.0,520 m²,https://www.property24.co.mz/3-bedroom-house-for-sale-in-matola-central-112660557,South
9,5 Bedroom House,95000000,Matola Central,"Matola, Matola Central, Matola","Office housing in the city of Matola _x000D_
Property for rent T5 & T3 annex with kitchen and",5.0,3.0,4.0,,https://www.property24.co.mz/5-bedroom-house-for-sale-in-matola-central-115446505,South
9,3 Bedroom House,10000000,Matola Central,"1 rua 11.137, Matola Central, Matola",Move in and stay in this inviting heart warming family house. Spacious open plan living,3.0,3.0,2.0,300 m²,https://www.property24.co.mz/3-bedroom-house-for-sale-in-matola-central-117074401,South
9,3 Bedroom House,7500000,Matola Central,"Matola Matola, Matola Central, Matola","FOR SALE _x000D_
7,500,000 MZN _x000D_
_x000D_
HOUSING_TP3 _x000D_
LOCATION: TCHUMENE-1 _x000D_
_x000D_
PROPERTY DISCRETION _x000D_
3",3.0,3.0,4.0,,https://www.property24.co.mz/3-bedroom-house-for-sale-in-matola-central-115225532,South
9,2 Bedroom Apartment / Flat,7500000,Matola Central,"Av. Patrice Lumumba,, Matola Central, Matola",Welcome to this contemporary 2-bedroom apartment in the heart of Fomento. Boasting a,2.0,2.0,4.0,1 185 m²,https://www.property24.co.mz/2-bedroom-apartment-flat-for-sale-in-matola-central-114464886,South
9,3 Bedroom House,4000000,Matola Central,"Matola Central, Matola","Vende-se _x000D_
Casa tipo 3 na matola rio._x000D_
_x000D_
localização: Matola rio Próximo ao control",3.0,3.0,3.0,,https://www.property24.co.mz/3-bedroom-house-for-sale-in-matola-central-115279470,South
9,3 Bedroom House,15500000,Matola Central,"Matola Central, Matola","3 bedroom house in a new condominium_x000D_
LUXURY TYPE 3 VILLA WITH POOL & FULLY AIR CONDITIONED",3.0,3.0,4.0,,https://www.property24.co.mz/3-bedroom-house-for-sale-in-matola-central-116140703,South
9,3 Bedroom House,8500000,Matola Central,"Matola Central, Matola","BEAUTIFUL 3-bedroom villa for sale with swimming pool _x000D_
MATOLA NEIGHBORHOOD TSALALA _x000D_
_x000D_
3",3.0,3.0,4.0,,https://www.property24.co.mz/3-bedroom-house-for-sale-in-matola-central-115090963,South
9,12 Bedroom Townhouse,16500000,Matola Central,"Matola Central, Matola","Condominium for sale in Matola Tchumene 2._x000D_
Close to the road, 200 meters from the",12.0,6.0,4.0,,https://www.property24.co.mz/12-bedroom-townhouse-for-sale-in-matola-central-115090900,South
9,12 Bedroom House,16500000,Matola Central,"Matola Central, Matola","Condominium for sale in Matola Tchumene 2._x000D_
Close to the road, 200 meters from the",12.0,6.0,4.0,,https://www.property24.co.mz/12-bedroom-house-for-sale-in-matola-central-115090896,South
9,4 Bedroom House,11000000,Matola Central,"Matola Central, Matola","For sale_x000D_
 11.00.000 MZN _x000D_
_x000D_
Dwelling_tp4 (cond. Monomutapa)_x000D_
Location: Matola N4-Witbank,",4.0,4.0,4.0,8 m²,https://www.property24.co.mz/4-bedroom-house-for-sale-in-matola-central-115042072,South
9,4 Bedroom House,28500000,Matola Central,"Matola Central, Matola",ELITE RESIDENCE CONDOMINIUM FOR SALE IN MATOLA N4 After Shopritis next to Kings,4.0,4.0,4.0,,https://www.property24.co.mz/4-bedroom-house-for-sale-in-matola-central-115938565,South
10,4 Bedroom House,19000000,Matola Central,"Matola Central, Matola","4 bedroom house in EDEN Condominium_x000D_
4 bedroom house for sale in Eden condominium with the",4.0,6.0,4.0,,https://www.property24.co.mz/4-bedroom-house-for-sale-in-matola-central-116140769,South
10,4 Bedroom House,11000000,Matola Central,"Matola Central, Matola","Casa à venda no Tchumene Contentor Amarelo- (1minuto da N4)_x000D_
_x000D_
Moradia do tipo *rés-do",4.0,4.0,4.0,,https://www.property24.co.mz/4-bedroom-house-for-sale-in-matola-central-115615596,South
10,3 Bedroom House,4000000,Matola Central,"Tchumene, Matola Central, Matola","Vende-se moradia tipo 3 localizado em tchumene 2_x000D_
4.000.000 MTS (Sem prestações) _x000D_
3",3.0,3.0,4.0,,https://www.property24.co.mz/3-bedroom-house-for-sale-in-matola-central-116795227,South
10,3 Bedroom House,12000000,Matola Central,"Matola Central, Matola","House of the High Standard for sale in the city center of Matola, in a LOC condominium. 2",3.0,3.0,4.0,,https://www.property24.co.mz/3-bedroom-house-for-sale-in-matola-central-115947219,South
10,4 Bedroom House,20000000,Matola Central,"Matola Central, Matola","4 bedroom house in the Saphira condominium in Matola _x000D_
Excellent house for sale in Matola",4.0,3.0,4.0,,https://www.property24.co.mz/4-bedroom-house-for-sale-in-matola-central-115600475,South
10,4 Bedroom House,17920000,Matola Central,"Matola, Matola Central, Matola","4 bedroom house in Condominium Eden_x000D_
- Open Space Kitchen_x000D_
- Spacious living room_x000D_
- hot",4.0,5.0,4.0,,https://www.property24.co.mz/4-bedroom-house-for-sale-in-matola-central-113735156,South
10,4 Bedroom House,35000000,Matola Central,"Matola Central, Matola","Type 4 housing for debut _x000D_
Price: 35,000,000 mzn_x000D_
_x000D_
 Inside condominium in the Costa do Sol",4.0,5.0,8.0,,https://www.property24.co.mz/4-bedroom-house-for-sale-in-matola-central-115884879,South
10,4 Bedroom House,10000000,Matola Central,"Matola Central, Matola","For sale_x000D_
Price: 10,000,000 mzn_x000D_
_x000D_
Beautiful Housing Type 4_x000D_
Location: Mussumbuluko",4.0,4.0,4.0,,https://www.property24.co.mz/4-bedroom-house-for-sale-in-matola-central-115981406,South
10,3 Bedroom Apartment / Flat,6000000,Matola Central,"Matola, Matola Central, Matola","3 bedroom apartment in Kings Village _x000D_
Unfurnished apartment for sale in Kings Village, 3",3.0,3.0,2.0,,https://www.property24.co.mz/3-bedroom-apartment-flat-for-sale-in-matola-central-114780615,South
10,3 Bedroom House,4000000,Matola Central,"Tchumene, Matola Central, Matola","Vende-se moradia tipo 3 localizado em tchumene 2_x000D_
4.000.000 MTS (Sem prestações) _x000D_
3",3.0,3.0,4.0,,https://www.property24.co.mz/3-bedroom-house-for-sale-in-matola-central-116946269,South
1,2 Bedroom House,9500000,Nacala Central,,"This vast, walled plot of 9,000 m2 is located on the Marginal in Nacala. There are already",2.0,1.0,12.0,9 000 m²,https://www.property24.co.mz/2-bedroom-house-for-sale-in-nacala-central-117053615,North
1,2 Bedroom Apartment / Flat,4000000,Nacala Central,"1 Nacala Port, Nacala Central, Nacala","This apartment offers a practical and welcoming layout, ideal for small families, couples,",2.0,1.0,4.0,630 m²,https://www.property24.co.mz/2-bedroom-apartment-flat-for-sale-in-nacala-central-116854833,North
1,4 Bedroom House,20000000,Nacala Central,"1 Nacala, Nacala Central, Nacala","This brand new build is located in the heart of Nacala City with secure off-street parking,",4.0,3.0,4.0,600 m²,https://www.property24.co.mz/4-bedroom-house-for-sale-in-nacala-central-114960269,North
1,2 Bedroom House,9500000,Nacala Central,,"This vast, walled plot of 9,000 m2 is located on the Marginal in Nacala. There are already",2.0,1.0,12.0,9 000 m²,https://www.property24.co.mz/2-bedroom-house-for-sale-in-nacala-central-116991650,North
1,2 Bedroom House,25242000,Tete Central,"Bairro Matundo, Tete Central, Tete","Discover a rare opportunity to own this stunning, multi-purpose property perfectly",2.0,3.0,4.0,109 267 m²,https://www.property24.co.mz/2-bedroom-house-for-sale-in-tete-central-116689040,Central
1,3 Bedroom House,8500000,Tete Central,"Bairro Chipanga, Tete Central, Tete","Step into your own sanctuary within this secure, beautifully enclosed property. With a high",3.0,3.0,4.0,600 m²,https://www.property24.co.mz/3-bedroom-house-for-sale-in-tete-central-115108048,Central
1,3 Bedroom House,25500000,Tete Central,"1 Bairro Chingodzi, Tete Central, Tete","For sale: Property with 4 houses, each comprising 3 bedrooms, ideally     near  Tete",3.0,1.0,4.0,3 013 m²,https://www.property24.co.mz/3-bedroom-house-for-sale-in-tete-central-116749891,Central
1,2 Bedroom House,25242000,Tete Central,"Bairro Matundo, Tete Central, Tete","Discover a rare opportunity to own this stunning, multi-purpose property perfectly",2.0,3.0,4.0,109 267 m²,https://www.property24.co.mz/2-bedroom-house-for-sale-in-tete-central-116844737,Central
1,3 Bedroom House,9243000,Tete Central,"EN7 Bairro Matundo, Tete Central, Tete",These T3 houses are very close to the Zambezi River within a private and secure condominium,3.0,3.0,4.0,158 m²,https://www.property24.co.mz/3-bedroom-house-for-sale-in-tete-central-115344705,Central
1,2 Bedroom House,7780500,Tete Central,,These T2 houses are very close to the Zambezi River within a private and secure condominium,2.0,3.0,4.0,133 m²,https://www.property24.co.mz/2-bedroom-house-for-sale-in-tete-central-115344734,Central
2,3 Bedroom House,195000000,Tete Central,"Bairro Matundo, Tete Central, Tete","Experience the perfect blend of comfort and nature at Mulitani, an exclusive residential",3.0,1.0,4.0,569 ha,https://www.property24.co.mz/3-bedroom-house-for-sale-in-tete-central-115344664,Central
2,4 Bedroom House,12768792,Tete Central,"Bairro Chingodzi, Tete Central, Tete",Discover your dream home in the heart of Tete! This exquisite 4-bedroom house offers the,4.0,2.0,4.0,1 200 m²,https://www.property24.co.mz/4-bedroom-house-for-sale-in-tete-central-115164869,Central
2,3 Bedroom House,22000000,Tete Central,"Bairro Chingodzi, Tete Central, Tete",Don’t miss this unique opportunity to own a well-developed property near Estrada Nacional 7,3.0,1.0,4.0,5 988 m²,https://www.property24.co.mz/3-bedroom-house-for-sale-in-tete-central-116277124,Central
2,3 Bedroom House,7000000,Tete Central,"Chingodzi, Tete Central, Tete","In a quiet neighborhood of Chingodzi, Tete, there is a charming house ready to welcome new",3.0,1.0,4.0,450 m²,https://www.property24.co.mz/3-bedroom-house-for-sale-in-tete-central-115108051,Central
2,4 Bedroom House,11000000,Tete Central,"Bairro Matundo, Tete Central, Tete",Looking for your dream home in Tete? Don’t miss this stunning 4-bedroom property located in,4.0,3.0,4.0,35 m²,https://www.property24.co.mz/4-bedroom-house-for-sale-in-tete-central-116139944,Central
2,4 Bedroom House,13000000,Tete Central,"Bairro Chingodzi, Tete Central, Tete","This is a beautiful house has 4 bedrooms all with fitted cupboards, the main bedroom is on",4.0,3.0,4.0,375 m²,https://www.property24.co.mz/4-bedroom-house-for-sale-in-tete-central-115108065,Central
2,2 Bedroom House,5500000,Tete Central,"Nyamatica, Tete Central, Tete","Looking for a great investment opportunity or a spacious home? This property in Matundo,",2.0,1.0,4.0,4 235 m²,https://www.property24.co.mz/2-bedroom-house-for-sale-in-tete-central-115957425,Central
2,3 Bedroom House,10000000,Tete Central,"Bairro Francisco Manyanga, Tete Central, Tete",Discover your new home in a great location! This newly built 3-bedroom house offers comfort,3.0,1.0,4.0,253 m²,https://www.property24.co.mz/3-bedroom-house-for-sale-in-tete-central-116546821,Central
2,3 Bedroom House,10000000,Tete Central,"Bairro Samora Machel, Tete Central, Tete","?? Prime Location Near Caloera Mountain

Discover this beautiful and spacious 3-bedroom",3.0,3.0,4.0,330 m²,https://www.property24.co.mz/3-bedroom-house-for-sale-in-tete-central-116277121,Central
2,3 Bedroom House,22500000,Tete Central,"178 Av da Independencia, Tete Central, Tete",Discover the perfect blend of luxury and functionality with this exceptional property. Set,3.0,3.0,4.0,1 441.1 m²,https://www.property24.co.mz/3-bedroom-house-for-sale-in-tete-central-114774494,Central
2,6 Bedroom House,19188421,Tete Central,"Bairro Chingodzi, Tete Central, Tete",Looking for the perfect family home with room to grow? This beautifully designed 6-bedroom,6.0,3.0,4.0,1 988 m²,https://www.property24.co.mz/6-bedroom-house-for-sale-in-tete-central-116057579,Central
2,2 Bedroom House,6400000,Tete Central,"Bairro Mpadue, Tete Central, Tete","Comfort, Convenience & Charm!

Discover this beautiful 2-bedroom home located in the",2.0,1.0,4.0,1 428 m²,https://www.property24.co.mz/2-bedroom-house-for-sale-in-tete-central-115957438,Central
2,4 Bedroom House,17000000,Tete Central,"5 Bairro Chingodzi, Tete Central, Tete","This house has 4 bedrooms all with fitted cupboards , 3 big bathrooms, Big dinning and open",4.0,3.0,4.0,375 m²,https://www.property24.co.mz/4-bedroom-house-for-sale-in-tete-central-115108069,Central
2,5 Bedroom House,13000000,Tete Central,"Bairro Chingodzi, Tete Central, Tete","Discover this exceptional Type 5 home in Matema, just 5 minutes from the EN7  Perfect for",5.0,4.0,4.0,79 m²,https://www.property24.co.mz/5-bedroom-house-for-sale-in-tete-central-116842815,Central
2,5 Bedroom House,13000000,Tete Central,"Bairro Chingodzi, Tete Central, Tete","Discover this exceptional Type 5 home in Matema, just 5 minutes from the EN7  Perfect for",5.0,4.0,4.0,79 m²,https://www.property24.co.mz/5-bedroom-house-for-sale-in-tete-central-116277139,Central
3,2 Bedroom House,16000000,Tete Central,"Bairro Chingodzi, Tete Central, Tete",Looking for a prime real estate investment? This complex of 4 modern 2-bedroom houses in,2.0,1.0,4.0,1 850 m²,https://www.property24.co.mz/2-bedroom-house-for-sale-in-tete-central-115957431,Central
3,3 Bedroom House,10215000,Tete Central,"Bairro Chingodzi, Tete Central, Tete","An elegant, spacious and modern 3 bedroom house in the heart of Matema in secure area, big",3.0,1.0,4.0,111 m²,https://www.property24.co.mz/3-bedroom-house-for-sale-in-tete-central-113538565,Central
1,5 Bedroom House,29250000,Vilanculos Central,"1 Vilanculos North, Vilanculos Central, Vilanculos",This beautiful villa is located on the Northern coast of Vilanculos with stunning views of,5.0,6.0,8.0,8 000 m²,https://www.property24.co.mz/5-bedroom-house-for-sale-in-vilanculos-central-117013551,South
1,3 Bedroom House,16000000,Vilanculos Central,"1 South Road, Vilanculos Central, Vilanculos",This modern and light 3 bedroom (all suites) house is located on the South of Vilanculos,3.0,1.0,4.0,12 000 m²,https://www.property24.co.mz/3-bedroom-house-for-sale-in-vilanculos-central-112183012,South
1,5 Bedroom House,48450000,Vilanculos Central,"1 Chibuene, Vilanculos Central, Vilanculos",We present a unique property comprising 5 constructions made of wood and traditional,5.0,3.0,4.0,18 000 m²,https://www.property24.co.mz/5-bedroom-house-for-sale-in-vilanculos-central-116429308,South
1,5 Bedroom House,29250000,Vilanculos Central,"1 Vilanculos North, Vilanculos Central, Vilanculos",This beautiful villa is located on the Northern coast of Vilanculos with stunning views of,5.0,6.0,8.0,8 000 m²,https://www.property24.co.mz/5-bedroom-house-for-sale-in-vilanculos-central-117066819,South
2,4 Bedroom House,9200000,Vilanculos Central,"2 Alemar Estate Road, Vilanculos Central, Vilanculos","This beautiful family beach house is located right on the beach, on a small estate, to the",4.0,2.0,4.0,0.77 ha,https://www.property24.co.mz/4-bedroom-house-for-sale-in-vilanculos-central-112018504,South
2,3 Bedroom House,48000000,Vilanculos Central,"1 19 outubro, Vilanculos Central, Vilanculos",This vast beachfront property is located in the heart of Vilanculos a short distance away,3.0,2.0,8.0,17 196 m²,https://www.property24.co.mz/3-bedroom-house-for-sale-in-vilanculos-central-111477067,South
2,4 Bedroom House,50000000,Vilanculos Central,"1 Vilanculos Sand Road North, Vilanculos Central, Vilanculos","This luxury villa has 4 en-suite air conditioned rooms, located separately from the main",4.0,1.0,4.0,2.47 ha,https://www.property24.co.mz/4-bedroom-house-for-sale-in-vilanculos-central-111675948,South
2,5 Bedroom House,24300000,Vilanculos Central,"1 Chibuene, Vilanculos Central, Vilanculos","Location: Chibuene, a 20-minute drive from Vilanculos airport

View: Stunning sea",5.0,1.0,4.0,1 600 m²,https://www.property24.co.mz/5-bedroom-house-for-sale-in-vilanculos-central-115597506,South
3,3 Bedroom House,30000000,Vilanculos Central,"1 Rua De Outubro, Vilanculos Central, Vilanculos","This rondavel cottage is located in the heart of Vilanculos, on Rua De Outubro, near to the",3.0,1.0,4.0,2 000 m²,https://www.property24.co.mz/3-bedroom-house-for-sale-in-vilanculos-central-113120256,South
3,3 Bedroom House,22500000,Vilanculos Central,"1 Chibuene, Vilanculos Central, Vilanculos","This beautiful 3-bedroom (all suites) house, is located on the south side of the airport in",3.0,1.0,4.0,10 000 m²,https://www.property24.co.mz/3-bedroom-house-for-sale-in-vilanculos-central-114419041,South
3,2 Bedroom House,12500000,Vilanculos Central,"1 Rua De Outubro, Vilanculos Central, Vilanculos","This plot is located in the heart of Rua De Outubro in Vilanculos, near the big hotels and",2.0,1.0,4.0,1 500 m²,https://www.property24.co.mz/2-bedroom-house-for-sale-in-vilanculos-central-113120113,South
3,2 Bedroom House,3300000,Vilanculos Central,,Beautiful secluded solar powered beach house with an amazing panoramic view standing on a,2.0,2.0,4.0,2 000 m²,https://www.property24.co.mz/2-bedroom-house-for-sale-in-vilanculos-central-111548263,South
3,2 Bedroom House,12500000,Vilanculos Central,"1 Rua De Outubro, Vilanculos Central, Vilanculos","This plot is located in the heart of Rua De Outubro in Vilanculos, near the big hotels and",2.0,1.0,4.0,1 500 m²,https://www.property24.co.mz/2-bedroom-house-for-sale-in-vilanculos-central-117048168,South
3,2 Bedroom House,20500000,Vilanculos Central,"1 Vilanculos, Vilanculos Central, Vilanculos",This family house is located in the heart of Vilanculos just a short walk from the,2.0,1.0,6.0,2 500 m²,https://www.property24.co.mz/2-bedroom-house-for-sale-in-vilanculos-central-115397394,South
3,5 Bedroom House,25600000,Vilanculos Central,"1 Chibuene, Vilanculos Central, Vilanculos",This stunning stand-alone family home is nestled in the middle of a vast walled garden and,5.0,1.0,1.0,4 800 m²,https://www.property24.co.mz/5-bedroom-house-for-sale-in-vilanculos-central-114420418,South
